{
  "project_info": {
    "project_number": "707611045666",
    "project_id": "spawswelcome",
    "storage_bucket": "spawswelcome.appspot.com"
  },
  "client": [
    {
      "client_info": {
        "mobilesdk_app_id": "1:707611045666:android:19bbae186370883309ff7b",
        "android_client_info": {
          "package_name": "com.example.spawswelcome"
        }
      },
      "oauth_client": [],
      "api_key": [
        {
          "current_key": "AIzaSyDPRyJRAU-p4bWNpbgOC1mB9Q9-bhSYauI"
        }
      ],
      "services": {
        "appinvite_service": {
          "other_platform_oauth_client": []
        }
      }
    }
  ],
  "configuration_version": "1"
}